trajectory_id,deviation_step,detection_step,detected,latency,pre_action
CF_0015_H,5.0,7,False,2.0,False
CF_0021_H,5.0,7,False,2.0,False
CF_0031_H,5.0,7,False,2.0,False
CF_0052_H,5.0,7,False,2.0,False
CF_0056_H,5.0,7,False,2.0,False
CF_0074_H,5.0,7,False,2.0,False
CF_0076_H,5.0,7,False,2.0,False
CF_0078_H,5.0,7,False,2.0,False
CF_0082_H,5.0,7,False,2.0,False
CF_0086_H,5.0,7,False,2.0,False
CF_0087_H,5.0,7,False,2.0,False
CF_0096_H,5.0,7,False,2.0,False
CF_0097_H,5.0,7,False,2.0,False
CF_0099_H,5.0,7,False,2.0,False
CF_0107_H,5.0,7,False,2.0,False
CF_0111_H,5.0,7,False,2.0,False
CF_0119_H,5.0,7,False,2.0,False
CF_0122_H,5.0,7,False,2.0,False
CF_0134_H,5.0,7,False,2.0,False
CF_0146_H,5.0,7,False,2.0,False
CF_0148_H,5.0,7,False,2.0,False
CF_0150_H,5.0,7,False,2.0,False
CF_0157_H,5.0,7,False,2.0,False
CF_0164_H,5.0,7,False,2.0,False
CF_0170_H,5.0,7,False,2.0,False
CF_0184_H,5.0,7,False,2.0,False
CF_0187_H,5.0,7,False,2.0,False
CF_0194_H,5.0,7,False,2.0,False
CF_0198_H,5.0,7,False,2.0,False
CF_0199_H,5.0,7,False,2.0,False
